,Lalanine,Lvaline,Lleucine,Lisoleucine,Lproline,Lserine,Lthreonine,Lglutamicacid,Lphenylalanine,Lasparagine,Lglutamine,LLysine,Ltyrosine,Ltryptophan,Lglycine,Lmethionine,Betaalanine,Lpipecolicacid,Lhistidine,L4hydroxyproline,taurine,glycylglycine,Larginine,Lhomoserine,Lasparticacid,ethanolamine,Lmethioninesulfoxide,gammaaminobutyricacid,L2aminoadipicacid,Lalphaaminobutyricacid,Ornithine,hydroxyLtryptophan,putrescine,methyldopa,Spermidine,Spermine,pyruvicacid,succinicacid,glycericacidmz292,fumaricacid,malicacid,cysteine,alphaketoglutaricacid,phosphoethanolaminemz188,glycericacid3phosphate,citricacidmz273,glucose,mannitol,myoinositolmz318,glucose6phosphate,adenosine,lacticacid,thymine,cytosine,ribose5phosphate,fructose,guanine,cholesterol
con_0h_1,-3.33388652813475,-2.6077917597923,-0.738376093665746,-0.903018737882102,-0.351564272228537,-0.5342528962473,-0.0113913876123378,-2.13307535993341,-0.967135068340244,-1.10001710441792,-2.49091676101579,-0.930642380989442,0.672323271769474,0.760285993954608,0.507284414396703,3.38025487086489,-3.58437420544919,-5.24801766567536,-1.42505975495474,-3.97351017700564,-0.597453077760997,-1.0987751595746,-3.0437580216046,-1.58725436797986,-0.580433947255747,-1.74397203892495,-4.36264555734524,-1.75964963955913,-0.81283535754292,-1.07124048578321,-3.54494733410463,-3.25196408578767,-0.705359056452611,0.211365366030298,4.06913780537396,2.04410231136626,2.2850692059842,-0.397677789923046,-1.22742262286267,0.369297334743799,-1.21665193516291,1.71529652456279,-0.836708885992928,-0.0300437104117635,-3.08739742071651,-3.67265836654211,3.36501227165794,-3.80731078188393,-0.912045217603639,-1.76221317679231,1.25543971679782,4.98157505784428,-2.60559317075569,0.632497527490968,-0.607600165948307,3.56708995310163,0.984466739841638,3.06205184588612
con_0h_2,-3.56667070934653,-2.58089826372179,-0.721003695818879,-0.87289334828151,-0.470608383090343,-0.589970884773875,-0.0397306908623444,-2.20208898164629,-0.894162375256896,-1.06675204420582,-2.32796173535226,-0.760195732058044,0.751193522950491,0.877186448424696,0.365818642253067,3.41568181030834,-4.21038768880606,-5.5049141153875,-1.34534792826453,-3.83085926940433,-0.866834275593521,-1.07531605356213,-2.90211452877595,-2.14090132575637,-0.691889599049676,-2.08534739037113,-4.75053333270744,-1.98147282388953,-0.740132755941145,-0.96069240747994,-3.77966752037244,-3.6878307619849,-0.906953180959251,-0.164530430977779,3.64907775979496,1.40534697463528,2.34233871885689,-0.425126300682534,-1.42017777063561,-0.428680621684836,-1.38836778381244,1.40165598197995,-0.913786453507931,0.208097391282849,-3.69111757938491,-3.9206869616341,3.37743378818574,-3.72626016051178,-0.834570370698742,-2.16347045047602,0.030986661326064,4.41086997780858,-3.10578347579266,-0.835093313510352,-0.583404324507673,3.18501832416117,0.321347459894247,3.24738186556992
con_0h_3,-3.33456565908712,-2.63903194502206,-0.736576036638455,-0.872392107292068,-0.282026791707283,-0.294968171981065,0.021127601348255,-1.85988740945022,-0.918940516632722,-1.02959479731918,-2.44147177429802,-0.867335516582962,0.716781037105656,0.85529518798811,0.741385528829862,3.31148173006023,-4.00089507106465,-5.56904394252839,-1.20695238960197,-3.7681364515558,-0.255641552313401,-1.0430658347115,-2.98180010031543,-1.70260602725199,-0.412142239183314,-2.03936479779941,-4.67401659301617,-1.0866612454389,-0.395098897432994,-0.944530058071206,-2.52855210252228,-4.30487006614229,-0.431645651459618,0.57935756858186,4.49153662298673,2.19404645505218,2.34608973810585,-0.336930626652181,-1.40728485314065,-0.017601692177051,-0.711003861405264,1.22036898397075,-0.377548204100541,0.599392335577697,-4.14453609775469,-3.46800077306176,3.59667197704299,-3.79080569636985,-0.903021577887638,-1.18426855120751,1.31983294370094,4.32051996342858,-3.59419280235242,-0.486407761042601,-4.0546791812744,3.14948916725619,-1.98256010335977,4.46481486309395
con_2h_1,-3.46554010452094,-2.65396276336271,-0.754079645837546,-0.911032887979259,-0.441307774793658,-0.646434897816734,-0.0739853037588963,-2.0296384623861,-0.981328840944818,-1.10733104656698,-2.47531422357875,-0.865310124764913,0.692162557103371,0.798293327659127,0.386194546101218,3.28446047822161,-3.99653594151878,-5.44804956146349,-1.43799934364383,-3.94785418792989,-0.684206498169053,-1.11196945655791,-2.94428727077276,-1.69154173260831,-0.591571792597092,-2.20205602300651,-4.54575708307365,-1.67585015543197,-0.502414550487859,-1.25509039370849,-3.68026348077291,-4.01769409904485,-0.459360373307927,0.0761512646445573,4.2280617328036,2.22155896108477,2.13076104770941,-0.588148522959197,-1.39961463121069,-0.210593114521435,-1.11689446303897,1.42285560908598,-0.524772084148988,-0.149874685422832,-4.03063860307478,-3.8226445386478,3.2464621847561,-3.84811204057839,-0.899698471461599,-2.3198253575742,0.262509937599252,4.40438339504846,-3.07396221562731,-0.0935146104760548,-0.344116475440946,3.32733976317626,0.208957116993786,3.03140817390511
con_2h_2,-3.46353834455538,-2.41924586831069,-0.552803515842436,-0.700356683266694,-0.377407875114658,-0.510211635194528,0.118116891762304,-2.0100043754073,-0.76169907015939,-0.948058279090057,-2.19706483035854,-0.632433968807358,0.909749195997156,1.02240207189091,0.404049002222655,3.62113923593693,-4.20246257013039,-5.34813966839574,-1.21051738457269,-3.81321491908972,-0.854610760980988,-0.947856076417797,-2.7611063450928,-2.02202763662899,-0.648835215924584,-2.03560023467912,-4.80259756295236,-1.72384995888901,-0.635623738675897,-0.995538044807425,-3.66348776225897,-3.75164092840326,-0.618622267965771,0.122572780741574,4.0470007784138,1.39248758589346,2.39617692818827,-0.20181175190131,-1.37122462995783,-0.268525129613278,-1.11618340999747,1.50450991710662,-0.80762908704593,-0.146734364708616,-3.81520534949628,-4.10166623141676,3.49875870800666,-3.55315832957787,-0.708240895845908,-2.43503887780293,-0.41797481572626,4.43789285011391,-3.902220812935,-1.97913579424994,-1.79733942784957,3.27119738800473,-0.811760683556528,3.00967592993037
con_2h_3,-3.48063326627241,-2.67489509769341,-0.761267186503051,-0.901589995719528,-0.452715776212256,-0.629012924572932,-0.0699723286696588,-2.15428720838997,-0.975185483987298,-1.09897942200809,-2.52485454609897,-0.843138653138961,0.685700040937522,0.749829078585321,0.393796328521661,3.29784026712202,-3.79416125262571,-5.36486461153057,-1.42362383042666,-3.82615498317108,-0.776251117463497,-1.10607700698181,-2.97545393258043,-2.05561737913505,-0.689944998318187,-2.03555912657996,-4.66182410411839,-1.69322851117518,-0.72420260675365,-1.00869978356828,-3.4463835294832,-3.88197304507313,-0.704982334469888,0.0976695730543309,4.35106896970485,1.96104196313456,2.28919505086305,-0.724233450823676,-1.36489088810837,-0.206688098545736,-1.28299236941284,1.45493650774373,-0.604603633572809,-0.465511954315312,-4.11308571095662,-3.89526880046827,3.32774567537067,-3.80147401068213,-0.893796432299324,-1.74279693151973,0.382250290186707,4.48307216759526,-2.78818066583485,-0.253778777164265,-0.312679312812612,3.35684909254769,0.0281648080025913,3.00888076226633
con_6h_1,-3.06501787356623,-2.28855323894253,-0.355096243865216,-0.461841078715774,0.05404306086615,-0.255378157475449,0.339661354100912,-1.64866551368138,-0.570315577412406,-0.711907403154479,-2.05863300448683,-0.499956429924346,1.03851397336214,1.16390038754813,0.821790635099425,3.6786168093085,-3.80565653156272,-5.45559784594943,-1.06518437423802,-3.42138593283146,-0.139456417222309,-0.721581941054855,-2.65937511444637,-1.42004699931818,-0.207276274825805,-1.95708683565672,-4.20191456175684,-1.10578800594134,-0.322146208117787,-0.653462181263783,-3.56826659501774,-4.61827610918017,0.151032964304255,0.665029465716862,4.95553659754327,2.55528931616157,2.64976875199837,-0.0600932617107055,-1.23442475864423,0.267471240947033,-0.7559905514537,1.56566505724505,-0.142107785179109,0.185515480775314,-3.71216397289851,-3.19985162451826,3.54268176374921,-3.23584580559696,-0.54631977783996,-1.9582276426813,0.43983804107509,4.65483723542526,-2.8787697998606,-0.888317640611827,-0.427255390882775,3.5412434141947,0.158082276681349,3.23191856597681
con_6h_2,-3.1549524557289,-2.20507238751497,-0.296521381983474,-0.466900016634594,-0.0601451650582795,-0.168645601299098,0.372895582421505,-1.69272982711832,-0.494897492005526,-0.687729316092437,-1.9331144633739,-0.349662917705013,1.18436227304242,1.24160239964521,0.845076737021303,3.76641101694135,-4.13516080024759,-5.18400830519698,-0.979705059966001,-3.37794724329921,-0.265097867801036,-0.698164017450709,-2.56450454943277,-1.9121418957183,-0.36489045038695,-1.89789478124553,-4.43971010467766,-1.25128472334698,-0.293927745905536,-0.590604126723859,-2.95313304606396,-3.81979127712052,0.0411061422110021,0.353043878618552,4.15413527377984,1.28854210762973,2.68099687346941,0.176650164775262,-1.22648713714664,0.0854359852377716,-0.700243016220065,1.48964499359448,-0.289272551756026,0.39700241066599,-3.42313838991144,-3.79258632229896,3.60389076049656,-3.40892510560717,-0.501702982981755,-1.9575995964741,-0.02586872008859,4.56866382446274,-3.12145152238918,-0.793128632355092,-0.694815904658513,3.35945410508991,-0.313612623529538,3.69586452032957
con_6h_3,-3.05876081058096,-2.19500728697537,-0.318362500244096,-0.473450086915501,0.057108134178961,-0.23967045741737,0.338364790627136,-1.59443116131235,-0.515943790979142,-0.673162342862809,-2.04586558561674,-0.460574779256985,1.08621297104082,1.22794760315523,0.882793392583382,3.79791431799176,-3.75090412750726,-5.04948964096505,-0.974275568744461,-3.33645460821953,-0.172145979447874,-0.672574577400269,-2.57220159196132,-1.49286943182984,-0.184684227291922,-1.76311261434645,-4.02023154576032,-1.01322699442058,-0.212299670401094,-0.565358132644991,-3.36922074036879,-3.8178290063312,0.0174355826900393,0.726564074366599,4.61297516092946,2.36107987726098,2.58966391217482,-0.053501630077141,-1.10837718720934,0.224086603868895,-0.655779388045467,1.58821118343504,-0.0207232758442736,0.0535996125269226,-3.84247838690938,-3.22713075553164,3.67334713085699,-3.37868396340883,-0.48834742172462,-1.08827714025253,0.779146013148818,4.74271404033612,-2.21723712693815,-0.541191081467891,-0.737906394572305,3.66380794035806,-0.075547340985036,3.53229506139861
con_12h_1,-2.42226151454192,-2.01626720447878,-0.159671430156251,-0.387502514057976,0.308685630597628,1.38423823597486,0.629805199578702,-1.63568359489285,-0.287116574971316,-0.56927948884873,-2.21286253553731,-0.29691080581439,1.37315175134846,1.58701644679426,1.79222437894736,3.73356986041081,-4.1796975115809,-5.59505434468877,0.0054275919891763,-3.5577339615162,-0.227175263094158,-0.57485260474223,-2.8260624878701,-1.76215873437394,0.482571958539983,-1.44370816652744,-3.68463015104568,-1.16328616069922,-0.246555440063786,-0.621496001200561,0.553610978960878,-4.57642865042694,-0.311617695770911,0.456942914369881,4.38028378186257,1.95782990211261,2.37246515168277,-0.192560355067001,-1.43877525406513,0.0577247708994879,-0.669387320224512,1.19684887970271,-0.421020848129038,0.0275806329467331,-4.06074302718886,-3.49448284550254,3.38499572624917,-3.63872352914575,-0.752451933424277,-2.15445736080567,0.392021515102879,4.38294394743415,-3.0837283885835,-1.7119592672488,-1.14504472046528,3.37767648325085,-0.132815664431683,2.83247757707975
con_12h_2,-2.79969759290152,-1.72017252137433,0.175272929588973,-0.0043000111776682,0.351499887556317,0.156657991980439,0.835137995296546,-1.42380284619187,-0.0575288532997014,-0.29825751442135,-1.46154651574454,0.104020756667344,1.60459210974944,1.70493993066909,1.08365169103542,4.17415240416336,-4.02145222443768,-4.60606971806134,-0.477175088841539,-3.15431369733097,-0.384532368166357,-0.310270987163951,-2.0342549115969,-1.47564683739179,-0.119507722906538,-1.51368002595803,-3.91908216256985,-1.31384608697383,-0.0640741584727126,-0.189227160006578,-3.20925628814585,-3.56047131280163,-0.377159714964281,0.240944543518666,4.84680308392057,1.68804522611345,3.13797563269998,0.537364826454477,-0.96909828070643,0.343736485427894,-0.574593555095136,1.81942583059715,-1.24673890446137,0.872709117613035,-3.40173774472128,-3.6747011728554,4.07891421481884,-2.88364082253917,-0.0160538982194803,-1.50393282407895,0.0252584576813343,5.37819843413623,-2.74207174202077,-1.0000643292031,-0.809690388687745,4.13985070876829,-0.535253542985985,3.98965129149765
con_12h_3,-2.85272304546553,-2.09355003253256,-0.186511530077926,-0.342909026802589,0.212956713429146,-0.0772327751223402,0.50190417559364,-1.52704992459443,-0.426134812374714,-0.539586352984714,-1.90732423677737,-0.323491098495263,1.2180702162909,1.33058007672514,1.07705729663054,3.84706832628157,-3.63444619311836,-5.02696564367715,-0.884404565501799,-3.21827484920621,0.0806888765820521,-0.546481655582401,-2.47905359319883,-1.33963765769538,-0.0746054612277263,-1.6549578136561,-4.03645887392601,-0.62247589752827,-0.0522948324487495,-0.475875369147556,-3.32262515827255,-3.81598995231531,0.157538605484161,0.957962596195336,5.00977378224794,2.74420048947441,2.78917657799085,0.546394043008896,-0.92862004358296,0.497693042269031,-0.280644313327928,1.66390744364333,0.130851909322791,0.648736768346263,-3.66167604117338,-3.09288311078105,3.79176609141816,-3.28295777909373,-0.39208086633029,-1.1673729035928,1.11211962053335,5.11383141898125,-1.9402394533683,-0.285037403090038,-0.897612971325624,3.91663709116996,0.0926890396060647,3.79541605785693
con_18h_1,-3.19185476530085,-2.44710290178775,-0.521280115271901,-0.658842050640469,-0.122169003194655,-0.39805823426661,0.161543127729001,-1.87411926150035,-0.746477211595662,-0.878484391135159,-2.25753607918648,-0.667469259643704,0.871008866411752,0.997894029452526,0.718809879199232,3.54115344469565,-3.7596172893272,-5.32209790716003,-1.24428586126751,-3.62731585185054,-0.297023396729235,-0.883167003273033,-2.78774688904527,-1.74480828437038,-0.452296935680952,-1.96250255739024,-4.36939595073411,-1.36777513335882,-0.482010062399089,-0.808346988642074,-3.599547574764,-4.22253795016929,-0.320631046698772,0.471641049574801,4.35779691547588,2.25603651399455,2.49949500170937,-0.0475280638251502,-1.44299095097139,0.2292043646442,-0.773652164702263,1.56339072292426,-0.301112130400145,0.0960071334864427,-3.98318443918019,-3.65608788439013,3.44426076151261,-3.61256618912211,-0.737732289009466,-1.98698891721931,0.634001362862773,4.80983951474451,-3.01505698540318,-0.311304573209203,-1.05169054607395,3.60178210691125,0.453216395048347,3.03974675017449
con_18h_2,-3.332006754036,-2.4181615812089,-0.491809229280391,-0.642018657761488,-0.228546454742027,-0.405574102695233,0.191997281642872,-1.77772435640072,-0.722888036870527,-0.859470825355382,-2.08292963221111,-0.556216119937813,0.961937289614712,1.07836181773329,0.708886277525616,3.65625810817494,-4.39510852390749,-5.59378663990151,-1.11925275912777,-3.58529651938797,-0.320667671088011,-0.864818942147308,-2.7597466015781,-2.16991235605649,-0.348791624256018,-2.25297765588154,-4.73695815715633,-1.29962299470501,-0.318747108478984,-0.916817651351691,-3.61623485960112,-4.32686981566164,-0.287405963573584,0.3682487426844,4.33763352843644,1.60685561042641,2.4129009495505,-0.181876766632279,-1.47753138394533,-0.0071005272428031,-0.687030663602713,1.18814663229549,-0.727843957543429,0.688337148842527,-3.70280089491981,-3.54347560143119,3.39764474448616,-3.58337461841464,-0.684292652522685,-1.62573614471341,0.0009030073960566,4.39400771614368,-2.69322168032462,-0.490621806934937,-0.736431060223609,3.25756448568827,-0.622246194545284,3.60912706633282
con_18h_3,-3.26393579597548,-2.71758064512851,-0.767851427587571,-0.933213971853849,-0.357324703994396,-0.508502802635522,0.0029422118536043,-1.75964894771859,-0.952933036237292,-0.957329297161468,-2.46155697512118,-0.940496567562101,0.665222146714175,0.839155010132254,0.689863537863297,3.29067357578124,-3.57311468823826,-5.4263956204222,-1.35922630900698,-3.83263441387912,-0.167708621789257,-0.958149847503535,-2.98645331479866,-1.22279538543823,-0.39413584595863,-1.88880506041416,-4.692350668183,-0.962706166154609,-0.558459882696602,-0.996633709065016,-3.95590457105945,-3.5997372756914,-0.236823521621319,0.77556498564287,4.57663170728727,2.47476767637198,2.2817918123897,-0.013585464686979,-1.17944089445428,0.236259212026845,-0.489442593151841,1.56443787817706,0.0340670490567803,0.410710049547927,-4.07573535481549,-3.30886984033941,3.29296543612563,-3.88539498271911,-0.903433675445881,-1.5243488412813,0.92911372318498,4.42156623785404,-2.45896170040734,0.282204262063347,0.0791266598191424,3.11505434574725,0.284557363426356,3.70014799795232
con_24h_1,-3.27731049872641,-2.59113739152201,-0.646926372415025,-0.829034618460607,-0.242407566971077,-0.536207344202465,0.0380869255585479,-1.86146831385339,-0.884999548644049,-0.977748214767537,-2.39539274470824,-0.862887231509606,0.732124645678949,0.882496638999312,0.612635295866524,3.51703799588756,-3.78846278745938,-5.51466544608167,-1.33208357839716,-3.77702749017441,-0.374895597911635,-0.977471176965919,-3.03788463554635,-1.68046022672597,-0.54893864241262,-2.04726302730616,-4.63231282743811,-1.35861318846163,-0.359186610296216,-0.880362288782218,-3.80945989000171,-4.20779632862627,-0.355308631531786,0.597317382574398,4.40903877142175,2.12091672101367,2.38687983406519,0.088825293088748,-1.39495092468465,0.181482758233364,-0.728494137332929,1.51593291608558,-0.590533382614056,0.0859112104046175,-3.7646203672004,-3.87285103337831,3.28804737975891,-3.82353819671774,-0.880841871081427,-2.3376437282634,0.592246972344421,4.81593846702637,-3.15800444154275,-0.668288896226612,-0.829551986382861,3.26344706065027,0.516905355709144,3.12707026818159
con_24h_2,-3.35419048650978,-2.36914094034511,-0.470819028552229,-0.609456966931408,-0.240823829006501,-0.460790025059541,0.192054513380407,-1.95915857954309,-0.693358441867583,-0.92147128153746,-2.10867903543936,-0.568556674890263,0.973988594859306,1.04125721127363,0.567443501713282,3.78679908327034,-4.25256089686205,-5.18715209534133,-1.15711301502384,-3.67443702684257,-0.686511364893952,-0.935638876051664,-2.77234815495843,-2.07794659877257,-0.573737028197932,-2.10095997560891,-4.43616627169332,-1.55872491856585,-0.585162441884983,-0.927096032078849,-3.70897218881727,-3.90484762624691,-0.663030744915921,0.18289218669941,4.20737345562924,0.939612041680959,2.50723796523112,-0.21416070813317,-1.43743609546376,-0.163519368854557,-0.916104117509042,1.45912819700066,-0.952978412409972,-0.193867405403427,-3.94121959335288,-3.93803047000227,3.49937904982707,-3.516310714427,-0.666129244432964,-2.52708462008395,-0.592303173346682,4.51507733883245,-4.04902740623832,-1.88354099002549,-1.47140807925046,3.3196697616435,-0.864170313925953,2.70156727765251
con_24h_3,-3.28423720273825,-2.54845704371446,-0.626706067720112,-0.785262348483057,-0.2751028682989,-0.343047025022212,0.0766879408139838,-1.86168973215613,-0.819269465799021,-0.949770299467555,-2.36867352905483,-0.754406637390273,0.81873307176882,0.90298872499284,0.65945779820078,3.45908417701144,-3.93270290039009,-5.4700605786595,-1.17966061438709,-3.79227722396295,-0.444566529100708,-0.961738838093826,-2.93448821221739,-1.85852069604657,-0.400351678079472,-1.97771387637998,-4.33113996952001,-1.25094959258228,-0.414126796873581,-0.952728545954043,-2.17017305392354,-3.77673907334116,-0.382711353757863,0.548515546154605,4.40948231601317,2.16159367607232,2.27083469106682,-0.35641376629621,-1.3653230480632,0.0133506938140971,-0.772266407310479,1.4363516506045,-0.300256121442469,-0.151463912331572,-4.17405816652725,-3.61891325011198,3.34921218718418,-3.66253312541946,-0.829454756923826,-1.82865834687171,0.161353467529385,4.48630075712554,-2.74575536848377,-1.00437239779822,-0.932447450583044,3.30574511031572,-0.325897703007527,3.20064944619065
ika_0h_1,-2.97044655682908,-2.21506802256932,-0.277207621224406,-0.486051391248207,0.0661216573711896,-0.204374046251922,0.407567099139305,-1.75083297772951,-0.507466929537999,-0.642453828635915,-1.9851599676016,-0.436235938258968,1.13377463055622,1.23233526462323,0.961551410525872,3.77170319952086,-3.65684467143701,-4.88874533397595,-0.972663942318634,-3.50676366471006,-0.0424427705423605,-0.641327851007095,-2.55718154545451,-1.37678798147158,-0.0235187586109352,-1.88505369921612,-4.14084235514581,-1.36080123490177,-0.379455243411603,-0.607142152595579,-3.55473658353147,-3.52016379285659,-0.135818567637881,1.44850951445472,4.31033890766493,2.39100153745538,2.70637409221961,-0.114904715740676,-1.10328975739162,0.234024151459381,-1.00570135627289,1.74280436453014,-0.297806724868373,0.0926517539749362,-3.73561402473802,-3.15397766904996,3.68628271872365,-3.39785389351128,-0.486067035864928,-1.77015718395,0.763927665028247,4.80883585472332,-2.63057421720167,-1.17543280664237,-0.250754907691509,3.71277056139418,0.522412393497147,3.21983749905786
ika_0h_2,-3.15321176235769,-2.175575287263,-0.308699075731754,-0.455799040337088,-0.0079699489631065,-0.230705183222446,0.402246620458503,-1.77695362831914,-0.509024887437704,-0.700851336186436,-1.89662277182852,-0.358924958403823,1.1661325967561,1.24809323537992,0.87536170444848,3.82436127905344,-4.20066059073656,-5.02598185279548,-0.987601630743485,-3.41334484182997,-0.233825454209293,-0.69994806909008,-2.52765557306601,-2.03361117742521,-0.0915699186851797,-2.05065612973626,-4.61893002902496,-1.39866225789977,-0.27210530678287,-0.543665973750837,-3.58926992136209,-3.74893959097206,-0.352653582463824,0.942806910179287,4.34689630255551,1.55130370316967,2.79436246257831,-0.152103965817777,-1.34886383416714,-0.181625411899546,-1.14755939136641,1.52425180595448,-0.424773189256646,0.770216866542946,-3.8494951814565,-3.44535456863563,3.77749952884852,-3.32281781410564,-0.466488289170088,-2.15646314677826,-0.39806583197036,4.52162860552551,-4.4177047894069,-1.17319827123802,-3.06196385044544,3.48687096596179,-0.360193623708985,3.6837782341046
ika_0h_3,-2.93866190807774,-2.37163506534623,-0.431707071453456,-0.622298004884402,0.0763884068417466,-0.234027663006206,0.386810856754666,-1.39377740253967,-0.658792122477708,-0.679682108732334,-2.07318380711819,-0.661554978647961,0.959911464981388,1.10912593897701,1.19262757978858,3.60842069498583,-3.57470118756666,-5.32327764942694,-1.11265018992917,-3.35840576906333,0.522441006671956,-0.677974342636094,-2.7893185738946,-0.997523367801813,0.237124767542068,-1.88733185157862,-4.33962437836247,-0.40523622332055,-0.0798178854864319,-0.581871117145613,-3.50799000081746,-4.02493778553238,0.265957346856438,2.0932071222855,4.79133699150376,2.7957458710136,2.47988966032274,0.0654200503725958,-1.08943365903508,0.270655412412849,-0.309059451003563,1.44226854907791,0.0531733585387844,1.07831113468126,-3.54684805003166,-2.93513310118687,3.45351963400776,-3.63411066238524,-0.62084180813969,-1.2650480077653,0.495003329149733,4.43869412767167,-2.39317013684817,-1.11931312006352,-0.361185819771945,3.12134741036849,-0.49058025805372,3.32243146903257
ika_2h_1,-3.23868040539007,-2.22004437858612,-0.359091814405203,-0.500219516366642,-0.129803383084666,-0.363913640191014,0.24314228235054,-1.99198103849783,-0.577578662269274,-0.833069656355927,-2.11358139204425,-0.475127217673613,1.01544876634857,1.10659544772308,0.544957393274321,3.68889115664426,-4.00972838640938,-4.91113152865855,-1.11057007615261,-3.59785435212264,-0.796452374676073,-0.831891188083179,-2.62257268128121,-2.14213462736107,-0.403552301059083,-1.95840018974545,-4.27229730360136,-1.73385950302248,-0.469660713483773,-0.693671376255544,-3.54018285902838,-4.03675183537845,-0.537118703875835,1.04853345030696,4.10422778661648,1.85006892290924,2.63044151077208,-0.451364306840384,-1.28731954522584,-0.355277481228793,-1.46339148960484,1.54312394806337,-0.777004406567802,-0.767463278391282,-3.79502278141064,-3.84497431536243,3.69306374041335,-3.38887474258488,-0.58197698145138,-1.83164974984966,0.968953329891364,4.77994742638298,-2.89192471686689,-1.28757055027547,-1.4794440915994,3.73009423020504,0.0141040889472292,2.63698037321402
ika_2h_2,-3.22469857473721,-2.49014763144995,-0.573906808263107,-0.721322543239955,-0.295611560872215,-0.41449005890909,0.149918986458688,-1.76992217710179,-0.826121454860464,-0.890905437284351,-2.17305415734433,-0.679428284168429,0.89130817410284,1.02156183171407,0.611716557430325,3.46569310262123,-3.72590223002688,-5.30257693891099,-1.20349523848961,-3.68021930396917,-0.280659541757844,-0.901722481117696,-2.84620368217946,-1.50880979658261,-0.346880411655801,-1.82055301836336,-4.60799643196782,-1.26458369231876,-0.432751006637662,-0.909863011050674,-3.65909269223916,-3.60561589397868,-0.0911734496611118,1.29432911066808,4.36912443208811,2.19886597700976,2.42091908278225,0.0623155653416314,-1.1371917902542,0.011499009241392,-0.741342106734257,1.67280197996914,-0.262950767217641,0.0465656474193145,-3.91508679595338,-3.69107842028252,3.48251504609978,-3.65257306787121,-0.739812111406871,-2.11364558328101,-0.0152324165065055,4.51462923193756,-4.03651186009746,-1.51618986877511,-1.93040071732324,3.19004714641349,-0.326079897093861,3.4686991566997
ika_2h_3,-3.24167347155736,-2.50184747872863,-0.5783157076947,-0.73184528771788,-0.252854777753919,-0.511934472190981,0.105711771744577,-1.83851206587703,-0.801042649008512,-0.958225072632017,-2.35532425569671,-0.710123256255046,0.857308139031759,0.898170633360921,0.640990776766316,3.47274491087071,-4.02644038800358,-5.3458202045093,-1.28396450935122,-3.62009641017156,-0.272369445404675,-0.956707916532514,-2.8310447845883,-1.98782625992432,-0.487067469696289,-2.3110227142135,-4.66143318718477,-1.0459625676958,-0.614824249292181,-0.837572890910339,-3.77119807696589,-4.45858528891357,-0.33792402478486,1.38127664922339,3.45101376891947,2.1654619835354,2.55210907917055,-0.0658812830076737,-1.34544580592956,-0.0817575395002542,-0.729289366928946,1.25121774237373,-0.352504028909571,-0.0328387721660688,-4.1274727856079,-3.89230009910439,3.32800432992284,-3.65891912686229,-0.774636445748556,-2.33845420965901,0.0302238805953529,4.18972800281998,-3.39079309130452,-1.95725010467976,-1.62619482449835,3.06555751972276,-0.311393567298548,2.87706213450867
ika_6h_1,-3.08641912389002,-2.37053013806761,-0.43116108748488,-0.581506656541733,-0.041889059322724,-0.339019832477023,0.253640684879844,-1.80989628969562,-0.664852678160199,-0.785775038201314,-2.14884047747356,-0.591825833931649,0.933495204794122,1.05737173284706,0.84239656365108,3.63395197314726,-3.5259289590661,-5.07940846178042,-1.18910887577499,-3.59338785784939,-0.102611714194568,-0.783819431284721,-2.74944794923198,-1.57248911258535,-0.225333464829424,-1.88163850538022,-4.16378625066558,-1.07156174770379,-0.414003264015,-0.76088191015833,-3.61375936844308,-3.84112399225543,0.237115292277432,1.60461464337275,3.47610503340512,1.95267901179745,2.41945198925144,-0.389638941169969,-1.23823765165441,0.319773819066479,-1.09734676114825,1.69330025569692,-0.386240088741937,-0.274450210823702,-3.84233559843418,-3.38375994980822,3.55704340458146,-3.51927309024297,-0.660941008904358,-1.7001557749609,1.0393322835384,5.05951137951605,-2.91299616428453,-0.216275873599716,-1.6153772813706,3.82783239746377,0.450893797119493,3.05516635747638
ika_6h_2,-3.04013694733769,-2.32651394587959,-0.419078922078562,-0.574986529277818,-0.100490640923249,-0.331086577479804,0.318476831936495,-1.65345337880979,-0.645064030857651,-0.744769851045424,-2.00365593480127,-0.483298485571479,1.07225273994697,1.20138102981999,0.910864276747765,3.63610388777144,-3.93345172602372,-5.37899169741674,-1.03361166739468,-3.48846392775683,0.0270796051712453,-0.753670791806218,-2.64551620357817,-1.8297448395476,-0.256241683488144,-2.07560431988635,-4.52265275637461,-0.760316769642815,-0.351726006866902,-0.676324308054515,-3.4842722811489,-4.06273930928196,0.347067129225525,1.37034236946035,5.15489053914722,2.20055599729403,2.59955681550283,0.288519545349227,-1.29963545469469,-0.0206888090709884,-0.614503172297127,1.4917644147756,-0.330391103175485,0.159620453119855,-3.94622123851669,-3.56011704011826,3.51874350255854,-3.53320783270477,-0.598345961195564,-2.11476596212016,-0.023034983695267,4.45462846655302,-3.72219510810018,-1.11053480066994,-0.995779191870031,3.18337698827197,-0.564112840137298,3.71838586773348
ika_6h_3,-3.02878382417114,-2.34236361003074,-0.423368196007186,-0.596580516940819,0.0021903321388217,-0.304147922279504,0.334610917993635,-1.50470479766383,-0.66120784646835,-0.742055467635752,-2.10151242653204,-0.556836081080366,0.985471259641655,1.06863720264517,1.00509503171533,3.60948781403885,-3.80194136803427,-5.35572655244267,-1.11553500264202,-3.38191140395647,0.189641341472629,-0.752737323203495,-2.72561967719104,-1.7577642537361,0.0550216251951433,-2.02171073304692,-4.419829794627,-0.576751973532562,-0.231079082986483,-0.695076955910086,-3.48875256390748,-4.35654504467629,0.455082034854656,1.78658481286735,4.5936915667888,2.24587186987605,2.51780322958899,-0.251079955633167,-1.24533244856983,0.0760500049302844,-0.666710885751062,1.39332077938363,-0.0102624331766536,0.429268764094298,-3.74245867800086,-3.08854256348464,3.49091600474409,-3.52914967109074,-0.625823402670594,-1.41724438949914,0.538657156646135,4.46185443571872,-2.47222630412861,-1.01613138385498,-0.999480939724146,3.35767804535521,-0.246478245501645,3.3580400269498
ika_12h_1,-3.35837298977077,-2.34033518233674,-0.435096788288754,-0.6155807378162,-0.299759738867542,-0.478346443722872,0.132727438896646,-2.18964300560206,-0.661267675453679,-0.958871946868467,-2.20848263218396,-0.541872193834699,0.938925344317192,1.0346626188029,0.50443789769477,3.39455063898142,-4.11824295457503,-5.05927277602899,-1.20517926364081,-3.88985960235677,-0.76471447482388,-0.958057506624347,-2.69459646963517,-2.00739907782214,-0.351833883831132,-1.96088099456398,-4.15680673290822,-1.88585148424636,-0.540270472794111,-0.677880032775586,-3.57686348838695,-3.7452857378771,-1.47867811950639,0.62057638947112,3.61920363140203,1.38484707833347,2.50900542362274,-0.596261035995796,-1.39928760862286,-0.009841066233244,-1.72215137167216,1.56059737141665,-1.21987843132064,-0.600102554029876,-3.86661730902326,-3.87895816706585,3.55659635307668,-3.52830339044495,-0.654385286619791,-1.81457753763065,0.922050674043573,4.77676412517536,-2.86936801436347,-0.634444483027958,-1.4364291544298,3.76682388802536,0.417017503413819,2.63519539847376
ika_12h_2,-3.38060031122078,-2.34227601397388,-0.422160321226556,-0.582298909371368,-0.302858660218528,-0.392572643992403,0.192848988103311,-1.99216585837964,-0.624938537058399,-0.875715650802186,-2.09929481978488,-0.514294692131558,1.01836054949491,1.12663671392028,0.520458097765665,3.72426053360449,-4.21099648723015,-5.04840052371038,-1.12350216761384,-3.71563120475758,-0.714209171170866,-0.883295796149407,-2.65490412975886,-2.13113370150256,-0.216626473401416,-1.99452254134843,-4.40409524061236,-1.49618347239786,-0.505662980742735,-0.823129468108233,-3.30128154466245,-3.72798593122875,-1.32637351826737,0.957162456684762,4.03373815298823,1.52414197654161,2.62250854729973,-0.236496173932689,-0.943377296974556,-0.234731306798477,-1.26511551716131,1.54111054126459,-1.09598176371151,0.234586023178118,-3.88008360107021,-3.80283894013119,3.5997668859899,-3.52341516345848,-0.616810776997983,-2.1848255899281,-0.145275975478891,4.58340426667374,-3.35406786087913,-0.536139410230519,-0.901833085045056,3.38188827233832,-0.423286435460919,2.94070469103972
ika_12h_3,-3.3030116887188,-2.20693816605063,-0.274661343966942,-0.459318664905443,-0.157957837405185,-0.351624126712953,0.282376841634587,-2.08961211785337,-0.568971020906103,-0.825171478886631,-2.09940744901501,-0.424222073623551,1.09661347378464,1.18399916685791,0.639219082677464,3.64874726552851,-4.32899098561308,-5.17216810443915,-1.04000805698081,-3.53118495792124,-0.674928664297889,-0.83901086655017,-2.52567348117242,-2.08662366782826,-0.297145826569748,-1.84119293844801,-4.03671881805826,-1.46578905503797,-0.492577429756738,-0.664219043931377,-3.64415041099424,-3.7307242200848,-1.41239573164247,0.833177561635862,3.6742088483304,1.43956857160191,2.60833534750703,-0.444700801500812,-1.45392622994203,-0.329197065967482,-1.69051751456235,1.52540834140339,-0.916170337883336,0.223076641580141,-3.92867088307172,-3.58380750577632,3.77334186516736,-3.36124219258117,-0.520589685996727,-1.5832838035559,0.117567997938486,4.73582678975047,-2.78737427130654,-0.948719093261802,-1.28794664624725,3.75748495058762,-0.337982595277868,2.50872480803019
ika_18h_1,-3.6183588838556,-2.62743173959496,-0.717820525841716,-0.903703609341396,-0.566766396969688,-0.708325735716822,-0.14492803384536,-2.44859370130907,-1.00386860623698,-1.20419125304179,-2.50456277863535,-0.855013554810414,0.644683514050055,0.749016722576958,0.188803034889447,3.24632708224723,-4.09155488254755,-5.06331897790106,-1.46964832232361,-3.98712517567771,-0.999155402131921,-1.20830046322412,-2.98496870537434,-2.37591074206793,-0.550061397203316,-2.02834344643196,-4.4656284336628,-1.93981208623045,-0.776151392381838,-1.18969952266867,-3.86650036363971,-3.87044161306121,-2.47457018118227,0.893959579867208,3.33900755414945,1.70969053318496,2.21784066685829,-0.985786635636014,-1.59336756262217,-0.413154079952782,-2.20018870442361,1.44785717786051,-1.48930868000143,-0.510279606925902,-4.1902923635556,-3.97253717102704,3.32877775495397,-3.8038003905184,-0.927681990614617,-2.07275589751824,0.778088648357831,4.71145021994526,-2.97181149786194,-0.117224780487071,-1.1333656661552,3.5496319287659,0.607111184946374,2.53105187483157
ika_18h_2,-3.55566704090724,-2.42718489706927,-0.523803651697259,-0.70358395514391,-0.444592006994983,-0.557490864426792,0.0762044092499732,-2.22080795211804,-0.73472368576256,-1.03332212626678,-2.19949620733995,-0.593538666044925,0.90121693196398,1.02195285300291,0.37794779170238,3.65723042630081,-4.61388501180092,-5.28546792057514,-1.19711979370074,-3.73541116777725,-0.932511176013423,-1.0390554396544,-2.7205112967522,-2.62677127434674,-0.233709438101517,-2.24047898735254,-4.6817976392237,-1.75196024792405,-0.647539222649099,-0.996764836935507,-3.76775542067849,-4.0338790086165,-2.40910003022588,0.879952514398621,3.13583048589837,0.138117661602859,2.53716378476586,-0.610630995443842,-1.48722582884339,-0.824912605437726,-1.9399658783409,1.31795707947475,-1.37497081847741,0.322800453077523,-3.87717964177452,-4.02085151238605,3.45178606579341,-3.58249539655066,-0.705428558185571,-2.42555901325957,-0.670918291928799,4.25175339512709,-3.56961076314763,-1.00625917143339,-1.22659555182623,3.23462066214886,-1.02030480491927,2.97961861931818
ika_18h_3,-3.63959837724614,-2.68453770121226,-0.791461905856449,-0.974298138244748,-0.709931353624873,-0.726087612351129,-0.194035047051774,-2.53217052990195,-1.02101081482197,-1.18878079835986,-2.60980032687966,-0.845963374995786,0.638870603664461,0.79252148418213,0.0737385536259302,3.26408141690535,-3.91076985207996,-5.29120050641691,-1.42067796997408,-4.04009051926712,-1.37651905300852,-1.20363675100139,-2.97422523733894,-2.04192813540759,-0.671393182383696,-1.74519078730126,-4.37618409870617,-2.30482953478363,-0.982013193546927,-1.05853033924481,-3.72202599208615,-3.42729307198107,-2.58091865714659,0.530186463231386,3.65536309471603,1.90966605856564,2.2437827741241,-0.896866032104296,-1.3743912077177,-0.475736108934728,-2.10957985666307,1.48615208871737,-1.43413940193472,0.446468206389388,-4.24005547527082,-4.16832987124778,3.36665574855381,-3.81887700351702,-0.903993268975411,-1.2692646478804,1.11545603482375,4.57721596578925,-2.65491280919029,0.803751366821461,-0.832498474936758,3.47672488142486,0.575464185662262,3.08886310289729
ika_24h_1,-3.76643384961779,-2.91743906409616,-1.00170932018208,-1.1488510616987,-0.863570634935684,-0.974327937393242,-0.404146085812855,-2.6288208133881,-1.21271802802241,-1.41584780286702,-2.79804123386769,-1.08962848602929,0.397059866756918,0.51508156941437,-0.00887759955799,2.90523878369238,-4.15911344756299,-5.2204799157585,-1.66110663566748,-4.40418560587302,-1.39817998193026,-1.44963420934712,-3.19977873261998,-2.60258143090402,-0.653475759793467,-2.14312338305067,-4.88624163715431,-2.11854015786301,-1.31149053602766,-1.15363608548978,-4.04438724510345,-3.90055836572191,-3.17078468652839,0.882097664240918,3.27182517907557,1.23519205839559,2.06188211308761,-0.85820571891234,-1.64366800577404,-0.232920957533531,-2.4613220836079,1.43954538264085,-1.90559693539312,-0.130450724682156,-4.31350461315971,-4.65910727435699,3.12961032322051,-4.07951421985705,-1.18100604039557,-2.06352815575118,1.10278156557221,4.48923157336221,-3.07167184507612,1.63591291549857,-0.84452675667008,3.23047021096119,1.52294232362335,2.61104906713019
ika_24h_2,-3.7836750486587,-2.71678050088029,-0.813476928909408,-0.961353225767747,-0.754467968181197,-0.714194127369172,-0.191130070512348,-2.6267038166776,-1.04315978430831,-1.2701027634744,-2.50564307133993,-0.850366535423961,0.612677476260982,0.768383027394372,0.07820770723325,3.22222534031422,-4.4376762002383,-5.56659144418524,-1.39587269685685,-4.22633527136836,-1.65805406479662,-1.27095117655301,-3.04106417825383,-2.80964221330836,-0.578771158545348,-2.24347456564002,-4.80865590193892,-2.22744441774363,-1.0264243535318,-1.23971360893182,-3.01271552621248,-3.96039470649786,-3.44864487206168,0.453628176223676,3.11854686380835,0.860691571905566,2.2856566361915,-0.981385121609181,-1.61256438563258,-1.0167644576606,-2.64079589022335,1.30531584861626,-2.06254980102286,0.21283706486019,-4.2319487293353,-4.56982087845075,3.27311298236137,-3.87922709405761,-1.01784696643477,-2.80267398010244,-0.535126729317398,4.16853752860402,-4.35128323781905,-1.15401045948616,-2.31702592992818,3.05947518999982,-0.810585554700938,2.10429862253598
ika_24h_3,-3.73796163706211,-2.64489477610399,-0.732209110431637,-0.931930997545707,-0.688752501250725,-0.760640025308249,-0.209337993821457,-2.66103901156341,-0.982473945583288,-1.26385581465338,-2.61159310410082,-0.852975927333673,0.631018845401581,0.706475039531122,0.0161781886777488,3.30972868133848,-4.27191512029317,-5.43503815769526,-1.51508364452909,-4.03986136542518,-1.8959477993024,-1.26791917025347,-2.94415274473463,-2.49556593338225,-0.776389478830593,-2.06337946452846,-4.74561430754596,-2.39682962428212,-1.29229857637932,-1.15738405152271,-3.79577976325703,-3.60589942760612,-3.53576716216031,0.354843586486016,2.74519813633391,0.756111117738017,2.3492776725595,-1.03803103109344,-1.49239298582817,-0.788450296273952,-2.75864815066254,1.41924746521443,-1.98232472226613,-0.0154815949186427,-4.25319141791809,-4.51998239308819,3.36110363266393,-3.8096030980902,-0.947700167852037,-1.67582485946197,0.577426699653138,4.34905683535156,-3.09933985964376,0.489609771135412,-1.23634001689527,3.29154236712555,0.0076428582271485,2.08805573121455
